-- MySQL dump 10.13  Distrib 5.1.55, for Win32 (ia32)
--
-- Host: localhost    Database: costco
-- ------------------------------------------------------
-- Server version	5.1.55-community

/*!40101 SET @OLD_CHARACTER_SET_CLIENT=@@CHARACTER_SET_CLIENT */;
/*!40101 SET @OLD_CHARACTER_SET_RESULTS=@@CHARACTER_SET_RESULTS */;
/*!40101 SET @OLD_COLLATION_CONNECTION=@@COLLATION_CONNECTION */;
/*!40101 SET NAMES utf8 */;
/*!40103 SET @OLD_TIME_ZONE=@@TIME_ZONE */;
/*!40103 SET TIME_ZONE='+00:00' */;
/*!40014 SET @OLD_UNIQUE_CHECKS=@@UNIQUE_CHECKS, UNIQUE_CHECKS=0 */;
/*!40014 SET @OLD_FOREIGN_KEY_CHECKS=@@FOREIGN_KEY_CHECKS, FOREIGN_KEY_CHECKS=0 */;
/*!40101 SET @OLD_SQL_MODE=@@SQL_MODE, SQL_MODE='NO_AUTO_VALUE_ON_ZERO' */;
/*!40111 SET @OLD_SQL_NOTES=@@SQL_NOTES, SQL_NOTES=0 */;

--
-- Table structure for table `categoria`
--

DROP TABLE IF EXISTS `categoria`;
/*!40101 SET @saved_cs_client     = @@character_set_client */;
/*!40101 SET character_set_client = utf8 */;
CREATE TABLE `categoria` (
  `idCat` int(11) NOT NULL,
  `nombre` varchar(40) DEFAULT NULL,
  `idDepto` int(11) DEFAULT NULL,
  PRIMARY KEY (`idCat`),
  KEY `idDepto` (`idDepto`),
  CONSTRAINT `categoria_ibfk_1` FOREIGN KEY (`idDepto`) REFERENCES `departamento` (`idDepto`) ON DELETE CASCADE ON UPDATE CASCADE
) ENGINE=InnoDB DEFAULT CHARSET=latin1;
/*!40101 SET character_set_client = @saved_cs_client */;

--
-- Dumping data for table `categoria`
--

LOCK TABLES `categoria` WRITE;
/*!40000 ALTER TABLE `categoria` DISABLE KEYS */;
INSERT INTO `categoria` VALUES (1,'TV Y VIDEO',1),(2,'AUDIO',1),(3,'COMPUTACIàN',1),(4,'SOFTWARE',1),(5,'APPLE',1),(6,'IMPRESIàN',1),(7,'MéSICA',1),(8,'COMUNICACIàN',1),(9,'SERVICIOS DE MANTENIMIENTO',1),(10,'FOTOGRAFÖA',1),(11,'CONSOLAS Y VIDEOJUEGOS',1),(12,'SEGURIDAD',1),(13,'REFRIGERADORES Y CONGELADORES',2),(14,'LAVANDERÖA',2),(15,'ENSERES MENORES',2),(16,'ELECTRODOMSTICOS',2),(17,'COCINAS INTEGRALES',2),(18,'EQUIPOS INDUSTRIALES',2),(19,'MµQUINAS DE COSER Y CUIDADO DE PRENDAS',2),(20,'ASPIRADORAS Y CUIDADO DE PISOS',2),(21,'MUEBLES',3),(22,'COLCHONES',3),(23,'BLANCOS',3),(24,'DECORACIàN',3),(25,'COCINA Y COMEDOR',3),(26,'CLIMATIZACIàN PARA EL HOGAR',3),(27,'ALMACENAJE Y ORGANIZACIàN PARA EL HOGAR',3),(28,'LIMPIEZA',3),(29,'LIBROS',3),(30,'PELÖCULAS',3),(31,'VINOS',4),(32,'LICORES',4),(33,'REGALOS',4),(34,'BOTANAS Y DULCES',5),(35,'GOURMET',5),(36,'CAF, T Y BEBIDAS',5),(37,'CARNES Y AVES',5),(38,'REPOSTERÖA Y GASTRONOMÖA',5),(39,'INSTITUCIONAL',5),(40,'KIRKLAND SIGNATURE',5),(41,'SALUDABLES',5),(42,'PESCADOS Y MARISCOS',5),(43,'REFRIGERADOS Y DELICATESSEN',5),(44,'ALIMENTOS PREPARADOS',5),(45,'PULSERAS',6),(46,'ARETES',6),(47,'COLLARES',6),(48,'ANILLOS',6),(49,'RELOJES Y JOYEROS',6),(50,'EQUIPAJE Y BOLSAS DE MANO',6),(51,'ROPA PARA DAMA',6),(52,'ROPA PARA CABALLERO',6),(53,'ROPA PARA NI¥OS',6),(54,'ALIMIENTACIàN DEL BEB',7),(55,'HIGIENE DEL BEB',7),(56,'CUARTO DEL BEB',7),(57,'SEGURIDAD DEL BEB',7),(58,'CARRIOLAS Y ASIENTOS PARA BEB',7),(59,'JUGUETES',7),(60,'JUEGOS DE MESA Y ROMPECABEZAS',7),(61,'SALàN DE JUEGOS',7),(62,'JUEGOS DE JARDÖN',7),(63,'MONTABLES',7),(64,'APARATOS DE EJERCICIO',8),(65,'CICLISMO',8),(66,'DEPORTE AL AIRE LIBRE',8),(67,'MOTOCICLISMO Y SCOOTERS',8),(68,'DEPORTES ACUµTICOS',8),(69,'CAMPISMO',8),(70,'TELESCOPIOS Y BINOCULARES',8),(71,'ATRACCIONES Y CERTIFICADOS DE REGALO',8),(72,'EQUIPAJE Y BOLSAS DE MANO',8),(73,'FRAGANCIAS',9),(74,'BELLEZA',9),(75,'SALUD EN CASA',9),(76,'NUTRICIàN Y DIETAS',9),(77,'VITAMINAS, PROTEÖNAS Y SUPLEMENTOS',9),(78,'MEDICAMENTOS SIN PRESCRIPCIàN',9),(79,'ORTOPEDIA Y REHABILITACIàN',9),(80,'MASAJE Y RELAJACIàN',9),(81,'PAQUETES DE EMERGENCIA',9),(82,'AUXILIARES AUDITIVOS',9),(83,'CUIDADO PERSONAL',9),(84,'LENTES PARA LECTURA',10),(85,'LENTES SOLARES',10),(86,'LENTES DE CONTACTO',10),(87,'ARMAZONES OFTµLMICOS',10),(88,'FLORES Y PLANTAS',11),(89,'MUEBLES PARA PATIO',11),(90,'ASADORES',11),(91,'CLIMATIZACIàN PARA EL JARDÖN',11),(92,'COBERTORES DE SOL',11),(93,'ALMACENAJE Y ORGANIZACIàN PARA EL JARDÖN',11),(94,'JARDINERÖA',11),(95,'ILUMINACIàN',11),(96,'SPA Y SAUNAS',11),(97,'MASCOTAS',11),(98,'BA¥O Y GRIFERÖA',12),(99,'COCINA',12),(100,'GARAGE',12),(101,'LLANTAS',12),(102,'GENERADORES Y PANELES SOLARES',12),(103,'MANTENIMIENTO DEL HOGAR',12),(104,'HERRAMIENTAS',12),(105,'SEGURIDAD Y PROTECCIàN',12),(106,'ELECTRICIDAD E ILUMINACIàN',12),(107,'AUTOMàVIL',12),(108,'EQUIPO DE OFICINA',13),(109,'MUEBLES DE OFICINA',13),(110,'ALMACENAMIENTO',13),(111,'ESCRITURA Y ESCOLARES',13),(112,'PAPEL PARA OFICINA',13),(113,'ACCESORIOS DE OFICINA',13),(114,'ACCESORIOS DE ESCRITORIO',13),(115,'CONSUMIBLES',13),(116,'SEGURIDAD EN LA OFICINA',13),(117,'COMESTIBLES Y DESECHABLES',13),(118,'VENTAS MAYOREO',13);
/*!40000 ALTER TABLE `categoria` ENABLE KEYS */;
UNLOCK TABLES;

--
-- Table structure for table `departamento`
--

DROP TABLE IF EXISTS `departamento`;
/*!40101 SET @saved_cs_client     = @@character_set_client */;
/*!40101 SET character_set_client = utf8 */;
CREATE TABLE `departamento` (
  `idDepto` int(11) NOT NULL,
  `nombre` varchar(30) DEFAULT NULL,
  PRIMARY KEY (`idDepto`)
) ENGINE=InnoDB DEFAULT CHARSET=latin1;
/*!40101 SET character_set_client = @saved_cs_client */;

--
-- Dumping data for table `departamento`
--

LOCK TABLES `departamento` WRITE;
/*!40000 ALTER TABLE `departamento` DISABLE KEYS */;
INSERT INTO `departamento` VALUES (1,'Electr¢nica'),(2,'L¡nea Blanca'),(3,'Muebles y Hogar'),(4,'Vinos y Licores'),(5,'Comida y Bebida'),(6,'Joyas y Ropa'),(7,'Beb‚s y Juguetes'),(8,'Deportes y Certificados'),(9,'Salud y Belleza'),(10,'àptica'),(11,'Jard¡n, Flores y Mascotas'),(12,'Ferreter¡a y Automotriz'),(13,'Negocios y Papeler¡a');
/*!40000 ALTER TABLE `departamento` ENABLE KEYS */;
UNLOCK TABLES;

--
-- Table structure for table `estado`
--

DROP TABLE IF EXISTS `estado`;
/*!40101 SET @saved_cs_client     = @@character_set_client */;
/*!40101 SET character_set_client = utf8 */;
CREATE TABLE `estado` (
  `idEdo` int(11) NOT NULL,
  `nombre` varchar(35) DEFAULT NULL,
  PRIMARY KEY (`idEdo`)
) ENGINE=InnoDB DEFAULT CHARSET=latin1;
/*!40101 SET character_set_client = @saved_cs_client */;

--
-- Dumping data for table `estado`
--

LOCK TABLES `estado` WRITE;
/*!40000 ALTER TABLE `estado` DISABLE KEYS */;
INSERT INTO `estado` VALUES (1,'Aguascalientes'),(2,'Baja California'),(3,'Baja California Sur'),(4,'Campeche'),(5,'Chiapas'),(6,'Chihuahua'),(7,'Ciudad de M‚xico'),(8,'Coahuila de Zaragoza'),(9,'Colima'),(10,'Durango'),(11,'Guanajuato'),(12,'Guerrero'),(13,'Hidalgo'),(14,'Jalisco'),(15,'M‚xico'),(16,'Michoac n de Ocampo'),(17,'Morelos'),(18,'Nayarit'),(19,'Nuevo Le¢n'),(20,'Oaxaca'),(21,'Puebla'),(22,'Quer‚taro de Arteaga'),(23,'Quintana Roo'),(24,'San Luis Potos¡'),(25,'Sinaloa'),(26,'Sonora'),(27,'Tabasco'),(28,'Tamaulipas'),(29,'Tlaxcala'),(30,'Veracruz de Ignacio de la Llave'),(31,'Yucat n'),(32,'Zacatecas');
/*!40000 ALTER TABLE `estado` ENABLE KEYS */;
UNLOCK TABLES;

--
-- Table structure for table `producto`
--

DROP TABLE IF EXISTS `producto`;
/*!40101 SET @saved_cs_client     = @@character_set_client */;
/*!40101 SET character_set_client = utf8 */;
CREATE TABLE `producto` (
  `idProducto` int(11) NOT NULL,
  `nombre` varchar(50) DEFAULT NULL,
  `marca` varchar(30) DEFAULT NULL,
  `precioUnitario` double DEFAULT NULL,
  `idSubCat` int(11) DEFAULT NULL,
  PRIMARY KEY (`idProducto`),
  KEY `idSubCat` (`idSubCat`),
  CONSTRAINT `producto_ibfk_1` FOREIGN KEY (`idSubCat`) REFERENCES `subcategoria` (`idSubCat`) ON DELETE CASCADE ON UPDATE CASCADE
) ENGINE=InnoDB DEFAULT CHARSET=latin1;
/*!40101 SET character_set_client = @saved_cs_client */;

--
-- Dumping data for table `producto`
--

LOCK TABLES `producto` WRITE;
/*!40000 ALTER TABLE `producto` DISABLE KEYS */;
INSERT INTO `producto` VALUES (1,'Sony LED 49\" Android TV 4K 60Hz','Sony',12.999,1),(2,'Samsung Led 65\" Smart TV curva UHD 240Hz','Samsung',35.999,1),(3,'LG LED 65\" Smart TV Super Ultra HD 4K','LG',29.999,1),(4,'Hisense ULED 65\" Smart TV Ultra HD 4K','Hisense',25.599,1),(5,'Sharp LED 55\" Smart TV Ultra HD','Sharp',14.999,1),(6,'Da-Lite pantalla manual 73\"','Da-Lite',1.699,2),(7,'Optoma proyector XGA 3,300 lumens 3D','Optoma',7.999,2),(8,'Nec proyector XGA 3000 lumens','Nec',8.999,2),(9,'Nec proyector SVGA 3000 lumens','Nec',7.999,2),(10,'Optoma proyector SVGA 3500 lumens','Optoma',6.999,2),(11,'AVF soporte multi posici¢n para TV de 22\" a...','AVF',1.799,3),(12,'AVF soporte inclinable para TV de 30\" a 90\"','AVF',1.699,3),(13,'Tripp-Lite no break UPS, regulador y supresor','Tripp-Lite',1.999,3),(14,'Peerless soporte para TV de 22\" a 40\" +...','Peerless',569,3),(15,'Smartbitt regulador y supresor de picos','Smartbitt',429,3),(16,'Belkin WeMo interruptor Insight WiFi©','Belkin',1.199,3),(17,'Belkin WeMo interruptor light','Belkin',1.199,3),(18,'Tripp-Lite cable HDMI de alta velocidad','Tripp-Lite',299,3),(19,'Onkyo teatro en casa 5.1.2 canales','Onkyo',24.999,4),(20,'Bose barra de sonido con subwoofer soundtouch','Bose',21.999,4),(21,'Onkyo minicomponente','Onkyo',17.999,5),(22,'Onkyo minicomponente Bluetooth© Hi-Fi','Onkyo',8.599,5),(23,'Behringer micr¢fono para estudio','Behringer',1.599,5),(24,'Bose Barra de sonido Bluetooth©','Bose',4.199,6),(25,'Blackstar amplificador para guitarra','Blackstar',5.499,7),(26,'Bose soundlink mini II bluetooth','Bose',3.299,7),(27,'Kempler & Strauss bocina amplificada','Kempler & Strauss',2.999,7),(28,'Onkyo bocinas de dos v¡as con reflector de...','Onkyo',9.999,7),(29,'EcoBoulder bocina by ECOXGEAR','EcoBoulder',4.999,7),(30,'Kempler & Strauss bocina port til Bluetooth©','Kempler & Strauss',599,8),(31,'Harman Kardon Onyx Studio bocina recargable','Harman Kardon',4.399,8),(32,'iHome bocina bluetooth con luces','iHome',799,8),(33,'Harman Kardon bocina aura','Harman Kardon',4.999,8),(34,'Shure aud¡fonos','Shure',2.499,9),(35,'Jabra Coach Sport, aud¡fonos deportivos con...','Jabra',3.599,9),(36,'Jabra Eclipse Blanco, aud¡fonos manos libres.','Jabra',2.899,9),(37,'Jabra Elite Sport, aud¡fonos deportivos','Jabra',5.999,9),(38,'Aftershokz aud¡fonos de conducci¢n ¢sea...','Aftershokz',2.999,9),(39,'Shure micr¢fono de condensador est‚reo...','Shure',4.299,10),(40,'Tripp-Lite no break UPS, regulador y supresor','Tripp-Lite',1.999,10),(41,'Smartbitt no break, regulador y supresor de...','Smartbitt',2.499,10),(42,'Smartbitt regulador y supresor de picos','Smartbitt',429,10),(43,'Smartbitt no break, regulador y supresor de...','Smartbitt',1.599,10),(44,'Tripp-Lite regulador con supresi¢n de...','Tripp-Lite',549,10),(45,'HP Desktop Omen 870-101LA Intel© Core...','HP',50.999,11),(46,'HP Monitor Envy 27\"','HP',13.999,11),(47,'Acer Desktop Predator Intel© CoreT i7-7700','Acer',35.999,11),(48,'HP All in One 21.5\" AMD Quad Core A6-7310','HP',9.699,11),(49,'Lenovo laptop 14\" Intel© CoreT i5-6200U','Lenovo',15.999,12),(50,'Acer Laptop 13.3\" Intel© CoreT i5-7Y54','Acer',23.699,12),(51,'Asus laptop zenbook flip 13.3\" Intel© Core i5','Asus',22.999,12),(52,'HP Omen laptop 15.6\" Intel© CoreTM i7-7700HQ','HP',21.999,12),(53,'Wacom Intuos© Pro tablet touch chica + l piz','Wacom',4.899,13),(54,'Wacom Intuos© Art tablet touch chica + l piz','Wacom',2.599,13),(55,'Tableta Protab Frozen 7\" + funda','Protab',1.749,13),(56,'Seagate disco duro port til 2TB','Seagate',1.999,14),(57,'Seagate disco duro externo Backup Plus HUB...','Seagate',3.499,14),(58,'Linksys amplificador de se¤al inal mbrica','Linksys',1.899,15),(59,'Wacom Intuos© Pro tablet touch chica + l piz','Wacom',4.899,15),(60,'Smartbitt no break, regulador y supresor de...','Smartbitt',2.499,15),(61,'Targus funda iPad Pro 12.9\"','Targus',999,15),(62,'Microsoft mouse flexible ergon¢mico...','Microsoft',1.399,15),(63,'Tripp-Lite cable HDMI de alta velocidad','Trip-Lite',299,15),(64,'HP Omen teclado steelseries','HP',2.699,15),(65,'Acer Desktop Predator Intel© CoreT i7-7700','Acer',35.999,16),(66,'HP Desktop Omen 870-101LA Intel© Core...','HP',50.999,16),(67,'HP Omen monitor 35\" curvo','HP',23.999,16),(68,'Microsoft© Office Mac Home and Business 2016','Microsoft Mac',6.499,17),(69,'Microsoft© Visio Standard 2016','Microsoft',8.499,17),(70,'Microsoft© Windows© Professional 10','Microsoft',5.499,17),(71,'Apple iPad Pro 9.7\" 32GB rosa','Apple',13.299,18),(72,'Apple iPad Pro 12.9\" 64GB gris espacial','Apple',18.599,18),(73,'Apple iPhone X silver 256gb','Apple',26.999,19),(74,'Apple iPhone 8 Plus space gray 64gb','Apple',18.899,19),(75,'Apple iPhone SE 64GB rosa','Apple',12.299,19),(76,'Epson impresora inyecci¢n de tinta a color...','Epson',14.699,20),(77,'Badgy 200 impresora de credenciales','Badgy',24.999,20),(78,'Epson multifuncional inyecci¢n tinta a color...','Epson',1.599,20),(79,'Epson multifuncional inyecci¢n tinta a color...','Epson',8.999,21),(80,'HP multifuncional deskjet GT 5820','HP',3.299,21),(81,'Epson mulifuncional inyecci¢n tinta a color...','Epson',3.999,21),(82,'HP 664XL cartucho de tinta negro','HP',1.119,22),(83,'HP 78A t¢ner negro','HP',1.999,22),(84,'Epson cinta negro sobre blanco 18mm','Epson',499,22),(85,'Epson cinta negro sobre transparente 12mm','Epson',429,22),(86,'Brother cinta TZe-251 negro sobre blanco 2...','Brother',999,22),(87,'Brother toner TN630 negro','Brother',999,22),(88,'Canon cartucho de tinta PG210 XL color negro...','Canon',549,22),(89,'Canon toner 120 color negro','Canon',2.599,22),(90,'Toner color negro Samsung CLT-K508L (1 pieza)','Samsung',2.469,22),(91,'Samsung toner color negro MLT-D205L','Samsung',2.799,22),(92,'Behringer bateria electr¢nica','Behringer',8.499,23),(93,'Washburn guitarra el‚ctrica edici¢n especial...','Washburn',3.999,23),(94,'Casio piano port til 48 tonos','Casio',5.499,23),(95,'La Sevillana guitarra electro-ac£stica','La Sevillana',3.399,23),(96,'Roy Benson trompeta con estuche','Roy Benson',4.599,23),(97,'Oscar Schmidt guitarra electroac£stica','Oscar Schmidt',2.499,23),(98,'Fender guitarra el‚ctrica stratocaster.','Fender',5.599,23),(99,'Seydel arm¢nica blues session steel','Seydel',1.899,23),(100,'Maxima bater¡a infantil','Maxima',5.599,23),(101,'Vtech tel‚fono inal mbrico 1 auricular','Vtech',1.149,24),(102,'Uniden tel‚fono inal mbrico 4 auriculares','Uniden',1.599,24),(103,'Alcatel tel‚fono inal mbrico 1 auricular','Alcatel',599,24),(104,'Belkin cargador de auto 4 puertos USB','Belkin',749,25),(105,'Outdoor Tech Kodiak Bater¡a port til','Outdoor',1.379,25),(106,'Scosche 3 en 1 cargador de coche + bater¡a.','Scosche',599,25),(107,'iZettle terminal de cobro port til Bluetooth©','iZettle',699,25),(108,'Griffin, cable cargador con Usb (varios...','Griffin',799,25),(109,'Motorola talkabout radio de dos v¡as T200','Motorola',1.499,26),(110,'Uniden radio 2 v¡as 32km 22 canales 2 piezas','Uniden',1.199,26),(111,'Unicomm dispositivo GPS de localizaci¢n,...','Unicomm',6.499,27),(112,'Unicomm p¢liza de renovaci¢n de servicio de...','Unicomm',3.299,27),(113,'Garant¡a extendida TVs de $1 a $7,500','The Warranty Group',699,28),(114,'Garant¡a extendida TVs de $30,001 en adelante','The Warranty Group',2.399,28),(115,'Garant¡a extendida l¡nea blanca de $5,001 a...','The Warranty Group',1.299,29),(116,'Garant¡a extendida l¡nea blanca de $22,000 en','The Warranty Group',2.299,29),(117,'Garant¡a extendida c¢mputo de $10,001 a...','The Warranty Group',899,30),(118,'Garant¡a extendida c¢mputo de $5,001 a $7,000','The Warranty Group',599,30),(119,'Nikon D3400 + 2 Lente + Tripie + SD Card 16 G','Nikon',13.999,31),(120,'Nikon Reflex D7500','Nikon',33.599,31),(121,'Lente Micro Nikkor 105MM F/2.8G IF-ED','Nikon',19.499,32),(122,'Lente Nikkor AF-S 85MM F/1.8G','Nikon',10.499,32),(123,'Star Wars T-65 x-wing starfighter, dron de...','Propel',2.999,33),(124,'Star Wars Tie advanced x1, dron de batalla...','Propel',2.999,33),(125,'Nikon flash SB-5000','Nikon',6.999,34),(126,'Nikon Flash SB-700','Nikon',4.099,34),(127,'Nikon mochila para c mara reflex','Nikon',1.399,34),(128,'Consola Xbox One X 1TB','XBOX',11.499,35),(129,'Xbox One control inal mbrico edici¢n especial','XBOX',1.399,35),(130,'Consola Nintendo 2DS Scarlet Red, incluye el...','Nintendo',2.799,36),(131,'Nintendo switch + SNES classic edition','Nintendo',10.999,36),(132,'Swann sistema de seguridad 4 canales 2...','Swann',4.699,37),(133,'Lorex sistema de seguridad 8 canales 6...','Lorex',17.999,37),(134,'Estevez, l mpara de seguridad con 2...','Estevez',1.499,38),(135,'Luceco, luminaria solar recargable LED de 3W','Luneco',399,38),(136,'LG refrigerador 22 French Door acero...','LG',18.999,39),(137,'Samsung refrigerador 26 French Door acero...','Samsung',19.499,39),(138,'Whirlpool congelador horizontal 7.09','Whirlpool',6.299,40),(139,'Frigidaire congelador 11\' doble función','Frigidaire',9.999,40),(140,'Samsung refrigerador 25\" dúplex black steel','Samsung',26.599,41),(141,'Whirlpool refrigerador 25\"','Whirlpool',21.599,41),(142,'Whirlpool refrigerador 14\" Top Mount','Whirlpool',9.699,42),(143,'GE Profile refrigerador 21´ acero inoxidable.','GE',18.999,42),(144,'Whirlpool lavadora carga superior 18kg','Whirlpool',10.999,43),(145,'Whirlpool lavadora carga superior 15kg','Whirlpool',7.999,43),(146,'GE centro de lavado 17kg','GE',15.999,44),(147,'Sheffield Home, lavadero de uso general 28','Sheffield Home',8.499,44),(148,'LG combo lavadora y secadora 20Kg','LG',34.599,45),(149,'Samsung lavasecadora 20KG','Samsung',24.999,45),(150,'Maytag secadora 19kg','Maytag',13.999,46),(151,'Whirlpool secadora carga frontal 18kg','Whirlpool',9.499,46),(152,'GE Profile parrilla de gas 6 quemadores 36\'','GE',10.999,47),(153,'Teka parilla de gas 5 quemadores 36\'','Teka',8.799,47),(154,'Electrolux horno empotrable de gas 24\'','Electrolux',8.999,48),(155,'Teka horno empotrable de gas 24\'','Teka',9.999,48),(156,'GE horno de microondas 1.4\'','GE',2.899,49),(157,'Panasonic horno de microondas 2.2´','Panasonic',5.999,49),(158,'Whirlpool lavavajillas empotrable 13...','Whirlpool',9.999,50),(159,'Maytag lavavajillas empotrable 14 servicios...','Maytag',12.799,50),(160,'Teka enfriador de vino 51 botellas 2...','Teka',17.499,51),(161,'Frigidaire enfriador de vinos 4.6\' 42...','Frigidaire',9.999,51),(162,'Teka campana empotrable 80cm','Teka',2.999,52),(163,'Whirlpool campana de pared 90cm','Whirlpool',9.999,52),(164,'Hamilton Beach, cafetera industrial para 40...','Hamilton Beach',839,53),(165,'Krups, cafetera Barista automática para...','Krups',28.999,53),(166,'Turmix, parrilla doble de inducción','Turmix',4.099,54),(167,'Hamilton Beach, freidora de inmersión, 12...','Hamilton Beach',1.279,54),(168,'Timco, Kit de cuidado personal, cortadora de...','Timco',499,55),(169,'Conair, kit de cuidado personal, cortadora de','Conair',849,55),(170,'Turmix, extractor de jugos Full Power...','Turmix',2.599,56),(171,'PDH, Exprimidor Industrial 9.6 kg','PDH',4.699,56),(172,'KitchenAid, batidora de 10 velocidades...','KitchenAid',7.499,57),(173,'Cuisinart, fuente de sodas (varios colores)','Cuisinart',3.299,57),(174,'Hamilton Beach, horno doble rosticero con...','Hamilton Beach',2.599,58),(175,'Krups, tostador, 2 rebanadas','Krups',929,58),(176,'Teka cocina integral: horno de gas, parrilla...','Teka',17.099,59),(177,'Teka parrilla de gas 5 quemadores 27\' +...','Teka',8.999,59),(178,'San-Son salamandra 78cm','San-Son',12.599,60),(179,'San-Son estufa compacta','San-Son',37.999,60),(180,'Hamilton Beach, plancha digital, suela...','Hamilton Beach',849,61),(181,'Rowenta, plancha de viaje First Class','Rowenta',659,61),(182,'Singer, máquina de coser de uso rudo, 10...','Singer',4.199,62),(183,'Singer, maquina de coser, Simple 3337','Singer',3.799,62),(184,'Singer, plancha de vapor','Singer',5.899,63),(185,'T-fal, Central de vapor, Master Precision 360','T-fal',2.199,63),(186,'Electrolux, aspiradora con bolsa, Ultra One','Electrolux',3.499,64),(187,'Dirt Devil, aspiradora ciclónica y filtro...','Dirt Devil',2.599,64),(188,'Hoover, aspiradora y barredora ligera con...','Hoover',3.569,65),(189,'Koblenz, aspiradora Aria 1200','Koblenz',2.599,65),(190,'Hoover, barredora con aspiradora manual','Hoover',1.799,66),(191,'Dirt Devil, Scorpion Turbo, aspiradora manual','Dirt Devil',849,66),(192,'iRobot, Roomba 622, robot aspiradora','iRobot',5.999,67),(193,'iRobot, Braava Jet 240, robot trapeador','iRobot',3.999,67),(194,'Karcher, hidrolavadora eléctrica de 1800psi','Karcher',3.599,68),(195,'Hoover, lavadora de alfombras y tapiceria...','Hoover',7.199,68),(196,'Hoover, 4x solución de limpieza para pisos...','Hoover',379,69),(197,'Hoover, 2x detergente de limpieza para...','Hoover',519,69),(198,'Hoover, limpiadora de vapor con depósito para','Hoover',1.989,70),(199,'Karcher, limpiador de vapor','Karcher',3.899,70),(200,'CYM, Juego de 2 bancos estacionarios 30\' de...','CYM',3.699,71),(201,'Pulaski, Davenport, banco ajustable','Pulaski',1.999,71),(202,'Adalyn Home, Cooper, comedor, 9 piezas','Adalyn Home',24.999,72),(203,'American Heritage, Somerset, Comedor de 7...','American Heritage',30.999,72),(204,'Coaster, escritorio elegante para oficina,...','Coaster',26.999,73),(205,'Coaster, librero con 4 repisas, color café','Coaster',10.999,73),(206,'Pulaski, Dana, cabecera matrimonial, café','Pulaski',2.999,74),(207,'Child Craft, Harper, set cuna convertible,...','Child Craft',34.999,74),(208,'Pulaski, Easton, cabecera','Pulaski',6.299,75),(209,'Leggett and Platt, base de metal para cama...','Leggett and Platt',949,75),(210,'Adalyn Home, juego de mesas Cooper, 5 piezas','Adalyn Home',35.999,76),(211,'Adalyn Home, Atwood, sillón','Adalyn Home',16.999,76),(212,'Sealy, colchón King Correct Comfort Recess,...','Sealy',10.274,77),(213,'Spring Air, Lennon, colchón king','Spring Air',10.299,77),(214,'Spring Air, Veronese, colchón queen','Spring Air',14.699,78),(215,'Novaform, Serafina Pearl, colchón, queen size','Novaform',14.999,78),(216,'Sealy, colchón Matrimonial Correct Comfort...','Sealy',6.749,79),(217,'Sealy, box Matrimonial, Clipper','Sealy',2.849,79),(218,'Sealy, Snooze, colchón Individual para litera','Sealy',2.624,80),(219,'Spring Air, Strauss, colchón individual','Spring Air',12.299,80),(220,'Tempur Original Supreme 21, colchón...','Tempur',17.999,81),(221,'Sealy, colchón individual, Harper','Sealy',4.999,81),(222,'Charisma 2 juegos de sábanas de microfibra...','Charisma',389,82),(223,'Kirkland Signature juego de sábanas king de 6','Kirkland',1.999,82),(224,'Sealy edredón varios tamañaos','Sealy',2.499,83),(225,'Costura, edredón Lynae, varios tamaños','Costura',1.599,83),(226,'Life Comfort, frazada suave, varios colores','Life Comfort',219,84),(227,'Life Comfort, cobija suave individual, varios','Life Comfort',349,84),(228,'Sealy, almohada mediana, varios tamaños','Sealy',599,85),(229,'Comforel, almohada Silky Soft, king, 2 piezas','Comforel',449,85),(230,'Sealy, protector Luxury, varios tamaños','Sealy',1.999,86),(231,'Spring Air, protector de colchón, Drytech','Spring Air',529,86),(232,'Disney, edredón individual y funda...','Disney',769,87),(233,'Marvel, edredón individual y funda...','Marvel',769,87),(234,'Grandeur, toalla medio baño','Grandeur',179,88),(235,'Grandeur, toalla medio baño','Grandeur',179,88),(236,'Gourmet Basics, canasta convertible','Gourmet Basics',449,89),(237,'Mikasa, juego de 2 canastas apilables','Mikasa',549,89),(238,'Coaster, cuadro para pared, paisaje','Coaster',4.299,90),(239,'Coaster, cuadro para pared, flores y pajaros','Coaster',1.599,90),(240,'Multy, tapete 61 cm x 182 cm, varios modelos','Multy',229,91),(241,'Memory Foam, tapete de baño, varios colores','Memory Foam',249,91),(242,'Navidad Conjunto de 4 muñecos para repisas','Navidad',789,92),(243,'Navidad Conjunto de 2 muñecos para repisas','Navidad',399,92),(244,'Swingline lámpara LED de escritorio de...','Swingline',1.399,93),(245,'Coaster, lámpara de piso','Coaster',4.299,93),(246,'Virginia House, Normandy, espejo','Virginia House',3.799,94),(247,'Modus Furniture, Spencer, espejo','Modus Furniture',4.999,94),(248,'Presto, olla express 21 litros','Presto',3.499,95),(249,'Kirkland Signature, Batería de acero...','Kirkland',4.699,95),(250,'Luigi Bormioli, ensaladera riflessi de vidrio','Luigi Bormioli',349,96),(251,'Overandback, tazones arco iris, 6 piezas','Overandback',499,96),(252,'Brabantia, papelera cónica, 11L, acero mate','Brabantia',809,97),(253,'Brabantia, bote de basura retro bin con pedal','Brabantia',1.529,97),(254,'Cristar, juego de 6 vasos vidrio espiral,...','Cristar',249,98),(255,'Bormioli Rocco, juego de vasos, 16 piezas','Bormioli Rocco',449,98),(256,'Pfaltzgraff, juego de cubiertos, 20 piezas','Pfaltzgraff',479,99),(257,'Wüsthof, Juego de 6 cuchillos para carne','Wüsthof',1.559,99),(258,'Farberware, colador expandible','Farberware',439,100),(259,'Farberware, tabla de bambú 15cm x 27cm','Farberware',209,100),(260,'Pure it, purificador de agua 18L','Pure it',2.199,101),(261,'Remington reemplazo de purificador de agua...','Remington',1.399,101),(262,'Pyrex, juego de recipientes de vidrio, 4...','Pyrex',469,102),(263,'Snapware, juego de recipientes de vidrio con...','Snapware',799,102),(264,'Bico, platos de porcelana, 7 piezas','Bico',449,103),(265,'Crown Baccara, Vajilla de porcelana blanca,...','Crown Baccara',699,103),(266,'Corningware, set 4 tarros verde cerámica','Corningware',629,104),(267,'DFL, prensa francesa,350ml','DFL',429,104),(268,'FTC, mantel para mesa plegable, 76 x 183 cm,...','FTC',699,105),(269,'FTC, mantel para mesa plegable, 76 x 244 cm,...','FTC',799,105),(270,'Kirkland Signature cubiertos de plástico 360...','Kirkland',399,106),(271,'Solo Tenedores de plástico 300 piezas','Solo',229,106),(272,'De\'Longhi, calentador de cerámica','De\'Longhi',1.699,107),(273,'De’Longhi, calentador portátil de aceite','De\'Longhi',1.999,107),(274,'Oreck, purificador de aire, filtro hepa','Oreck',5.569,108),(275,'Oreck, purificador con humidificador...','Oreck',7.799,108),(276,'Hunter, ventilador de techo Alden de 132cm...','Hunter',3.499,109),(277,'Westinghouse, ventilador industrial de acero...','Westinghouse',1.799,109),(278,'Carrier Up 18,000btu solo frío aire...','Carrier',8.499,110),(279,'Carrier aire acondicionado 12000 btus sólo...','Carrier',6.599,110),(280,'Placetech, estantería de grado comercial','Placetech',2.399,111),(281,'Whalen, estante de 5 repisas','Whalen',2.199,111),(282,'Cohesion Products, set de 50 ganchos con...','Cohesion Products',369,112),(283,'Homz, burro de planchar','Homz',1.199,112),(284,'Tide Clean Breeze detergente líquido 4.43L','Tide',449,113),(285,'Downy Glow suavizante de telas libre enjuague','Downy',369,113),(286,'Kirkland Signature bolsas para basura de...','Kirkland',429,114),(287,'Kirkland Signature servilletas 1040 piezas','Kirkland',299,114),(288,NULL,NULL,NULL,115),(289,NULL,NULL,NULL,115),(290,'Panini albúm oficial mundial Rusia 2018','Panini',699,116),(291,NULL,NULL,NULL,116),(292,NULL,NULL,NULL,117),(293,NULL,NULL,NULL,117),(294,'Conundrum vino tinto 750ml','Conundrum',439,118),(295,'Cune Reserva vino tinto 750ml','Cune',399,118),(296,'Kirkland Signature Pinot Grigio Friuli vino...','Kirkland',849,119),(297,'Conundrum vino blanco 750ml','Conundrum',439,119),(298,'Kirkland Signature Champagne Rosé 750ml','Kirkland',749,120),(299,'Asti Capetta vino blanco espumoso 3/750ml','Asti Capetta',499,120),(300,'Palermo vino tinto 750ml','Palermo',1.299,121),(301,'Papillon vino tinto 750ml','Papillon',1.799,121),(302,'Buchanan\'s Special Reserve 18 años whisky...','Buchanan\'s',1.649,122),(303,'Macallan Gold 700ml','Macallan',1.099,122),(304,'Don Julio 70 tequila añejo cristalino 750ml','Don Julio',749,123),(305,'José Cuervo 250 aniversario tequila edición...','Jose Cuervo',38.999,123),(306,'La Gloria ron añejo 750ml','La Gloria',479,124),(307,'Flor de Caña 7 años ron 6/750ml','Flor de Caña',1.599,124),(308,'Hennessy VSOP cognac 700ml','Hennessy',989,125),(309,'Torres 10 brandy 1L','Torres',419,125),(310,'Stolichnaya Elit vodka 700ml','Stolichnaya',799,126),(311,'Smirnoff No.21 vodka 6/750ml','Smirnoff',899,126),(312,'Yokaichi Mugi shochu 750ml','Yokaichi',949,127),(313,'Nigori crema de sake 6/375ml','Nigori',1.099,127),(314,'Canasta Picnic 17 piezas','Canasta Picnic',2.699,128),(315,'Regalo Baileys 3 piezas','Regalo Baileys',849,128),(316,'Zoma Tea Collection termo de doble cristal...','Zoma Tea Collection',569,129),(317,'Villar jamón bodega máximo 6kg','Villar',2.949,129),(318,NULL,NULL,NULL,130),(319,NULL,NULL,NULL,130),(320,'Kirkland Signature almendras tostadas 1.13kg','Kirkland',379,131),(321,'Kirkland Signature nueces de la India 1.1kg','Kirkland',519,131),(322,'Kirkland Signature arándanos azules enteros...','Kirkland',249,132),(323,'Kirkland Signature almendras tostadas 1.13kg','Kirkland',379,132),(324,'Kirkland Signature almendras cubiertas de...','Kirkland',319,133),(325,'Chocmod trufas espolvoreadas con cacao 1kg','Chocmod',199,133),(326,'Nutri Well barras de amaranto 24 piezas','Nutri Well',179,134),(327,'Tiqua galletas de quinoa 4/198g','Tiqua',449,134),(328,'Piñata Mickey Mouse con 2.36kg de dulces...','Piñata',529,135),(329,'Balmoro arándano enchilado 1 kg','Balmoro',145,135),(330,'Veggie papas fritas empaque surtido 840g','Veggie',349,136),(331,'Kirkland Signature palomitas sabor natural 44','Kirkland',299,136),(332,'Ahuacatlán aceite de aguacate natural 1l','Ahuacatlán',179,137),(333,'Tassos surtido mediterráneo con aceite de...','Tassos',689,137),(334,'Conservas Ortiz atún blanco en aceite de...','Conservas Ortiz',599,138),(335,'Litoral fabada asturiana 2 latas de 1kg cada...','Litoral',259,138),(336,'Knorr caldo de pollo 1.5K','Knorr',149,139),(337,'Appennino sal con trufa negra de verano...','Appennino',339,139),(338,NULL,NULL,NULL,140),(339,NULL,NULL,NULL,140),(340,'Aromais centro de jamón serrano mínimo 4kg','Aromais',1.999,141),(341,'Iberibérico paleta de Jabugo sin hueso 1.65kg','Iberibérico',2.099,141),(342,'Salsa Tabasco roja 3 de 355ml','Salsa Tabasco',559,142),(343,'Kikkoman salsa de soya 1.89L','Kikkoman',149,142),(344,'Kirkland Signature café molido 100%...','Kirkland',279,143),(345,'Nescafé Clásico café soluble 1.2kg','Kirkland',399,143),(346,'Lavazza, Blue espresso descafeinado suave,...','Lavazza',859,144),(347,'Kirkland Signature café pacific bold , 120...','Kirkland',899,144),(348,'Zoma Tea Collection termo de doble cristal...','Zoma Tea Collection',569,145),(349,'Zaa té verde tisana jamaica y arándano 1kg','Zaa té',229,145),(350,'Coffee Mate sustituto de crema 200 sobres de...','Coffee Mate',179,146),(351,'Splenda sustituto de azúcar 500 sobres','Splenda',249,146),(352,'Acapulcoco orgánico 18/330ml','Acapulcoco',289,147),(353,'KIirkland Signature jugo de arándano 2/2,84L','Kirkland',229,147),(354,'Kirkland Signature bebida de arroz orgánica...','Kirkland',499,148),(355,'Calahua leche de coco natural 6 de 1L','Calahua',199,148),(356,'Kirkland Signature leche deslactosada light...','Kirkland',269,149),(357,'Leche Nido Kinder 2.5kg','Kirkland',369,149),(358,'Zaa té rojo tisana arándano jamaica sabor...','Zaa té',229,150),(359,'Soyacen en polvo 1.3 kg','Soyacen',279,150),(360,'Kirkland Signature agua de manantial 54...','Kirkland',8.499,151),(361,'Elisha bebida sabor lychee 24/350ml','Elisha',499,151),(362,NULL,NULL,NULL,152),(363,NULL,NULL,NULL,152),(364,'Prime Rib eye con hueso 3/750 g','Prime Rib',949,153),(365,'Prime Rib eye steak 3/600 g','Prime Rib',799,153),(366,NULL,NULL,NULL,154),(367,NULL,NULL,NULL,154),(368,'Satoru sushi kit 2 piezas','Satoru sushi',259,155),(369,'Antonio Sotos kit paella gourmet 550g','Antonio Sotos',369,155),(370,'Despensa básica 20 piezas','Despensa',249,156),(371,'Despensa básica pallet 96 cajas','Despensa',17.999,156),(372,'Pragná sachets pimienta molida caja con 1000','Pragná',499,157),(373,'Pragná sachets sal rosa del Himalaya 1000...','Pragná',299,157),(374,NULL,NULL,NULL,158),(375,NULL,NULL,NULL,158),(376,'Kirkland Signature Pinot Grigio Friuli vino...','Kirkland',849,159),(377,'Asti Capetta vino blanco espumoso 3/750ml','Asti Capetta',499,159),(378,'Coffee Mate sustituto de crema 200 sobres de...','Coffee Mate',179,160),(379,'Nescafé Clásico café soluble 1.2kg','Nescafé',399,160),(380,'Kirkland Signature Pinot Grigio Friuli vino...','Kirkland',849,161),(381,'Kirkland Signature plástico adherente 1 rollo','Kirkland',429,161),(382,'Ocean Spray arándanos deshidratados 1.36kg','Ocean Spray',149,162),(383,'Eco Pan chía orgánica 907g','Eco Pan',259,162),(384,'Nutri Well barras de amaranto 24 piezas','Nutri Well',179,163),(385,'Tiqua cereal de quinoa orgánico 500g','Tiqua',279,163),(386,'Royal arroz Basmati 4.5kg','Royal',259,164),(387,'General Mills mini copas de cereal 12 pack','General Mills',359,164),(388,'Picard mini snacks de amaranto con chocolate...','Picard',169,165),(389,'Turin chocolate amargo sin azúcar 2 pack','Turin',299,165),(390,'Kirkland Signature bebida de arroz orgánica...','Kirkland',499,166),(391,'OKF Aloe vera orgánico 3/1.5L','OKF',299,166),(392,'Ocean Spray arándanos deshidratados 1.36kg','Ocean',149,167),(393,'Nutri Well barras de amaranto 24 piezas','Nutri Well',179,167),(394,NULL,NULL,NULL,168),(395,NULL,NULL,NULL,168),(396,NULL,NULL,NULL,169),(397,NULL,NULL,NULL,169),(398,NULL,NULL,NULL,170),(399,NULL,NULL,NULL,170),(400,NULL,NULL,NULL,171),(401,NULL,NULL,NULL,171),(402,NULL,NULL,NULL,172),(403,NULL,NULL,NULL,172),(404,'Dassami panque de elote 2 de 1.2kg','Dassami',499,173),(405,'Deli Q pastel de zanahoria 2 de 1.12kg','Deli Q',449,173),(406,NULL,NULL,NULL,174),(407,NULL,NULL,NULL,174),(408,NULL,NULL,NULL,175),(409,NULL,NULL,NULL,175),(410,'1.33ctw, Brazalete de diamantes, corte...','Brazalete',59.999,176),(411,'10.00ctw, Brazalete de Diamantes, 17.78cm,...','Brazalete',299.999,176),(412,'Brazalete de Zafiros Amarillos y Diamantes,...','Brazalete',109.999,177),(413,'Brazalete de Rubíes y Diamantes, 17.78cm, Oro','Brazalete',79.999,177),(414,'0.60ctw, Brazalete de Citrino y Diamantes,...','Brazalete',54.999,178),(415,'Brazalete de Amatista, Oro Blanco de 18kt','Brazalete',19.999,178),(416,'Brazalete de perlas, oro amarillo de 14kt','Brazalete',5.399,179),(417,'Brazalete de Perlas Cultivadas, 4-4.5mm, Oro...','Brazalete',2.799,179),(418,'Pulsera para Tobillo, Oro Amarillo de 14kt','Pulsera',3.199,180),(419,'Brazalete, Oro Blanco y Amarillo de 14kt','Brazalete',5.699,180),(420,'4.95ctw, Arracadas de Diamantes, Corte...','Arracadas',129.999,181),(421,'1.08ctw, Aretes de Diamantes, Forma de Gota,...','Arracadas',59.999,181),(422,'Aretes de Zafiro Rosa y Diamantes, Oro Blanco','Aretes',16.999,182),(423,'Arracadas de Zafiro Azul, Oro Blanco de 18kt','Arracadas',33.999,182),(424,'Aretes de Amatista y Diamantes, Corte...','Aretes',31.999,183),(425,'Aretes de Cuarzo Oscuro y Diamantes, Oro...','Aretes',18.999,183),(426,'8.5-9.0mm, Aretes de Perlas de Tahití y...','Aretes',13.799,184),(427,'10.0-11.0mm, Aretes de Perlas Negras de...','Aretes',11.499,184),(428,'1.00ctw, Collar de Diamante Solitario, Corte...','Diamantes',99.999,185),(429,'1.00ctw, Collar de Diamante Solitario, Corte...','Diamantes',119.999,185),(430,'Collar de Zafiro Azul y Diamantes, Forma de...','Diamantes',238.999,186),(431,'0.35ctw, Collar de Zafiro Rosa y Diamantes,...','Diamantes',114.999,186),(432,'0.80ctw, Collar de Amatista con Diamantes,...','Diamantes',33.999,187),(433,'Collar de Rubi y Diamantes, 0.09ctw, Oro...','Diamantes',14.999,187),(434,'Collar de Aguamarina, Oro Blanco de 14kt','Aguamarina',9.999,188),(435,'Collar de Ópalo y Diamante, Oro Amarillo de...','Diamantes',7.999,188),(436,'Collar de Perla de Tahití y Diamantes, 9mm,...','Diamantes',7.599,189),(437,'Collar de Perlas de Agua Dulce, Oro Blanco de','Diamantes',4.499,189),(438,'Collar, 15 años, oro blanco y amarillo de...','Collar',3.999,190),(439,'Collar, medalla religiosa, oro blanco y...','Collar',4.899,190),(440,'Gargantilla de plata con dije de circonias y...','Gargantilla',1.275,191),(441,'Avonza gargantilla de plata con circonia...','Avonza',899,191),(442,'Anillo de Diamante Solitario, (1ctw), Forma...','Diamantes',109.999,192),(443,'Anillo de Diamante Solitario, (1ctw), Corte...','Diamantes',99.999,192),(444,'Anillo de Zafiro Amarillo Ovalado y...','Zafiro',129.999,193),(445,'Anillo con Zafiro amarillo y diamantes...','Zafiro',11.999,193),(446,'Anillo de Granate y Diamantes (0.57ctw), Oro...','Diamantes',119.999,194),(447,'Anillo de Morganita con Diamantes, (0.46ctw),','Diamantes',21.999,194),(448,'Anillo de Perla Cultivada, Oro Blanco de 14kt','Perla',8.499,195),(449,'Anillo de Perla de Tahití, 10-10.5mm, Oro...','Perla',7.999,195),(450,'Anillo de Diamante Solitario, (1ctw), Forma...','Diamantes',109.999,196),(451,'Anillo de Diamante Solitario, (1ctw), Corte...','Diamantes',99.999,196),(452,'Argolla de matrimonio, comfort fit, 3mm, oro...','Argolla',4.499,197),(453,'Argolla de matrimonio, comfort fit, 5mm, oro...','Argolla',6.299,197),(454,'Avonza anillo de Plata con circonia blanca y...','Avonza',649,198),(455,'Avonza, anillo ancho de plata con circonias...','Avonza',1.669,198),(456,'Lifetrak, reloj monitor unisexo, modelo: R420','Invicta',2.999,199),(457,'Invicta, Angel, Reloj para Dama, Modelo:...','Invicta',2.999,199),(458,'Invicta, reloj para caballero','Invicta',4.799,200),(459,'Invicta, reloj para caballero, modelo:6977','Invicta',4.399,200),(460,'Mele & Co, joyero musical con bailarina','Mele & Co',849,201),(461,'Mele & Co, joyero elegante de 4 secciones','Mele & Co',1.499,201),(462,NULL,NULL,NULL,202),(463,NULL,NULL,NULL,202),(464,'Samsonite, mochila para laptop','Samsonite',1.799,203),(465,'American Tourister, Maleta de Cabina 50.8cm','American Tourister',999,203),(466,'Ezpeleta, paraguas plegable, 2 piezas','Ezpeleta',699,204),(467,NULL,NULL,NULL,204),(468,'Speedo, traje de baño para dama (varias...','Speedo',399,205),(469,'Tuff Athletics, pantalón capri (varias tallas','Tuff Athletics',349,205),(470,'Leo & Nicole, suéter de manga corta (varias...','Leo & Nicole',299,206),(471,'Cable & Gauge, cárdigan con joyas alrededor...','Cable & Gauge',289,206),(472,'Kensie, pantalón de mezclilla (varias tallas...','Kensie',389,207),(473,'Kirkland Signature, leggings (varias tallas y','Kirkland',229,207),(474,'Jezebel, vestido de maternidad (varias tallas','Jezebel',599,208),(475,'Mario Serrani Italy, falda (varias tallas y...','Mario Serrani Italy',299,208),(476,'Hampshire Studio, playera tipo polo (varias...','Hampshire',199,209),(477,'Cable & Gauge, juego de camiseta sin mangas...','Cable & Gauge',499,209),(478,'Kensi, botas altas (varias tallas y colores)','Kensi',699,210),(479,NULL,NULL,NULL,210),(480,'K.Bell, calcetines, 9 pares (varios colores)','K.Bell',179,211),(481,'Jezebel, brasier de maternidad paquete de 2...','Jezebel',649,211),(482,'Puma, calcetines para dama, 8 pares (varios...','Puma',289,212),(483,'Jane and Bleeker, set de calcetas (6 pares,...','Jane and Bleeker',199,212),(484,'Weatherproof Vintage, camisa de manga corta...','Weatherproof',369,213),(485,'Kirkland Signature, camisa de vestir (varias...','Kirkland',299,213),(486,'Adidas, calcetas deportivas (6 pares, varios...','Adidas',269,214),(487,'Kirkland Signature, calcetin de vestir, 5...','Kirkland',239,214),(488,'Calvin Klein, playera 4 piezas (varias tallas','Calvin Klein',569,215),(489,'Rough Dress, playera (varas tallas y colores)','Rough Dress',229,215),(490,NULL,NULL,NULL,216),(491,NULL,NULL,NULL,216),(492,'Tommy Bahama, boxers para caballero (3...','Tommy Bahama',299,217),(493,'Buffalo David Bitton, boxer, 6 piezas','Buffalo David Bitton',499,217),(494,'Fila, tenis (varias tallas y colores)','Fila',499,218),(495,'Kenneth Cole, bota de gamuza (varias tallas y','Kenneth Cole',499,218),(496,'Kirkland Signature, traje de baño','Kirkland',199,219),(497,'Reebok, Short (varias tallas y colores)','Reebok',329,219),(498,'Kirkland Signature, pantalón de mezclilla...','Kirkland',299,220),(499,'Kirkland Signature, pantalón (varias tallas y','Kirkland',359,220),(500,'Nautica Kids, bata de niño/niña para playa ...','Nautica',339,221),(501,'Carters, calzones para niña o niño , 7...','Carters',299,221),(502,'Disney/Disney/Warner Bros/ Marvel, juego de...','Disney',299,222),(503,'Kirkland Signature, traje de baño para niño...','Kirkland',149,222),(504,'Kirkland Signature, suéter (varias tallas y...','Kirkland',219,223),(505,'Zunie, suéter (varias tallas y colores)','Zunie',149,223),(506,'Conjunto para niño o niña de 2 piezas','Conjunto',389,224),(507,'Hudson, conjunto de 2 piezas para niña o niño','Hudson',399,224),(508,'K. Bell, calcetines infantiles, 12 piezas...','K. Bell',229,225),(509,'Marcas Surtidas, calcetas juveniles para niña','Marcas Surtidas',229,225),(510,'Khombu, sandalias para niña o niño (varias...','Khombu',249,226),(511,NULL,NULL,NULL,226),(512,'Vigoss, pantalón corto para niña','Vigoss',239,227),(513,'Kirkland Signature, mallón deportivo (varias...','Kirkland',259,227),(514,'Dr. Brown´s, juego para recién nacido...','Dr.Brown´s',1.299,228),(515,'Tommee Tippee, Estuche para recién nacido (12','Tommee Tippee',999,228),(516,'Tommee Tippee, Kit de esterilizador de...','Tommee Tippee',999,229),(517,NULL,NULL,NULL,229),(518,'Enfamil Sin Lactosa Premium, fórmula para...','Enfamil',579,230),(519,'Enfamil Etapa 1, fórmula para lactantes (2...','Enfamil',739,230),(520,'Kirkland Signature, pañales etapa 3 unisex...','Kirkland',799,231),(521,'Kirkland Signature, pañales etapa 4 unisex...','Kirkland',799,231),(522,'Pupik, silla para tina','Pupik',559,232),(523,'Summer Infant, bañera con sistema de ducha','Summer Infant',1.499,232),(524,'The Honest Company, paquete de shampoo y...','The Honest Company',199,233),(525,'Mommy Care, Kit orgánico de protección solar...','Mommy Care',499,233),(526,'Sealy, Miracle, colchón para cuna, suave,...','Sealy',1.799,234),(527,'Sealy, Miracle, colchón para cuna, suave,...','Sealy',1.999,234),(528,'Disney, edredón y cojín HD decorativo, Mickey','Disney',499,235),(529,'Disney, Edredón y cojín HD decorativo, Minnie','Disney',499,235),(530,'Joie, cuna de viaje infantil','Joie',3.649,236),(531,'Summer Infant, bañera con juguetero, azul','Summer Infant',1.399,236),(532,'Alcatel, monitor para bebé (2 piezas)','Alcatel',799,237),(533,NULL,NULL,NULL,237),(534,'Uniden, monitor para bebé con audio y video...','Uniden',2.259,238),(535,'VTech, Monitor de bebé con audio y video','VTech',2.499,238),(536,'Infanti Lifestyle, carriola 4 en 1, gris','Infanti Lifestyle',6.629,239),(537,'Infanti Lifestyle, carriola, 4 en 1, rojo','Infanti Lifestyle',6.629,239),(538,'Infanti Lifestyle, carriola 4 en 1, gris','Infanti Lifestyle',6.629,240),(539,'Infanti Lifestyle, carriola, 4 en 1, rojo','Infanti Lifestyle',6.629,240),(540,'Pupik, pelicano para tina','Pupik',359,241),(541,'Fisher Price, tapete portable','Fisher Price',999,241),(542,'Juego de entretenmiento para colorear y...','Juego',299,242),(543,NULL,NULL,NULL,242),(544,NULL,NULL,NULL,243),(545,NULL,NULL,NULL,243),(546,'Kidkraft, Mesa de actividades con accesorios','Kidkraft',3.699,244),(547,'Lego, Caravana de vacaciones','Lego',899,244),(548,'Step 2, Carrito montable','Step 2',1.499,245),(549,'Kidkraft, Mesa para actividades con tablero...','Kidkraft',1.499,245),(550,'Syma, WiFi Drone','Syma',499,246),(551,'Propel, Dron a control remoto','Propel',2.399,246),(552,'Kellytoy, Muñeco de peluche (varios modelos)','Kellytoy',199,247),(553,'Hugfun, perro de peluche de 89cm','Hugfun',899,247),(554,NULL,NULL,NULL,248),(555,NULL,NULL,NULL,248),(556,NULL,NULL,NULL,249),(557,NULL,NULL,NULL,249),(558,'Kidkraft, Mesa para actividades con tablero...','Kidkraft',1.499,250),(559,NULL,NULL,NULL,250),(560,'Kidkraft, Mesa de actividades con accesorios','Kidkraft',3.699,251),(561,'Kidkraft, Mesa para actividades con tablero...','Kidkraft',1.499,251),(562,NULL,NULL,NULL,252),(563,NULL,NULL,NULL,252),(564,'Lifetime centro de juegos a-frame','Lifetime',39.999,253),(565,'Lifetime sube y baja ace flyer','Lifetime',6.999,253),(566,'Step 2, Casa club para niños con dos...','Step 2',14.999,254),(567,NULL,NULL,NULL,254),(568,'Poolmaster mecedor Inflable para alberca','Poolmaster',999,255),(569,NULL,NULL,NULL,255),(570,'Step 2, Carrito montable','Step 2',1.499,256),(571,NULL,NULL,NULL,256),(572,'Turbo bicicleta R20\" happy','Turbo',2.999,257),(573,'Huffy bicicleta R16\" cars','Huffy',1.999,257),(574,'Freerider patineta skatecycle','Freerider',2.299,258),(575,'Freerider patineta skatecycle','Freerider',2.299,258),(576,'Proform caminadora performance 500','Proform',18.999,259),(577,'Proform caminadora healthrider softstrider','Proform',17.999,259),(578,'Proform elíptica 620 E','Proform',17.999,260),(579,'Freemotion elíptica 845','Freemotion',32.999,260),(580,'FreeMotion bicicleta recumbente c5.3','Freemotion',14.999,261),(581,'Life Fitness bicicleta recumbente RS1','Life Fitness',39.999,261),(582,'Royal fitness gimnasio de una estación','Royal',6.499,262),(583,'Freemotion gimnasio de dos estaciones','Freemotion',26.999,262),(584,'Weider ejercitador muscular','Weider',5.999,263),(585,'Royal fitness banca de pesas','Royal',3.499,263),(586,'Jumpsport trampolín350i','Jumpsport',6.699,264),(587,'Weider bola de equilibrio','Weider',1.399,264),(588,'First degree remadora de agua daytona...','First degree',17.999,265),(589,'Life fitness remadora GX','Life fitness',44.999,265),(590,'Turbo bicicleta R24\" TX240','Turbo',3.599,266),(591,'Turbo Bicicleta TX-4.1 R24','Turbo',5.299,266),(592,'Turbo Bicicleta TX-4.1 R24','Turbo',5.299,267),(593,'Turbo bicicleta R20\" happy','Turbo',2.999,267),(594,'Turbo bicicleta R20\" happy','Turbo',2.999,268),(595,'Turbo bicicleta R20\" Tempest','Turbo',3.499,268),(596,'Lifetime tablero y canasta de basketball...','Lifetime',6.999,269),(597,'Enesport portería desarmable de 1.34m','Enesport',859,269),(598,'Penn pelotas de tennis para alta altitud','Penn',799,270),(599,'Penn pelotas de tennis extra duty para nivel...','Penn',799,270),(600,'Voit balon de soccer lumo réplica','Voit',349,271),(601,NULL,NULL,NULL,271),(602,'Vento cuatrimoto reptile 150cc verde','Vento',29.999,272),(603,NULL,NULL,NULL,272),(604,'Avanzada motocicleta tipo scooter 124cc...','Avanzada',23.999,273),(605,'Vento scooter streetrod 149CC','Vento',23.999,273),(606,'Lifetime set de 2 surfs de remo freestyle XL','Lifetime',13.999,274),(607,'Wavestorm tabla para surf (varios colores)','Wavestorm',2.399,274),(608,'Poolmaster mecedor Inflable para alberca','Poolmaster',999,275),(609,'Us divers set de snorkel infantil (varias...','Us divers',899,275),(610,NULL,NULL,NULL,276),(611,NULL,NULL,NULL,276),(612,'Colema, casa de campaña para 10 personas','Colema',3.999,277),(613,'Bohemia casa de acampar para 12 personas','Bohemia',4.999,277),(614,'Lightspeed colchon inflable','Lightspeed',999,278),(615,'Coleman bolsa de dormir (varios colores)','Coleman',899,278),(616,'Titan, hieleras y accesorios para acampar...','Titan',599,279),(617,'Tofasco asientos para exteriores','Tofasco',899,279),(618,NULL,NULL,NULL,280),(619,NULL,NULL,NULL,280),(620,'Tour en helicópero del Gran Cañón desde Las...','Tour',6.599,281),(621,'Tour Air Maui en helicóptero - boleto...','Tour',3.699,281),(622,'Tarjeta Go San Diego, pase de 4 días para...','Tarjeta Go',3.999,282),(623,'Tour Paquete Xcaret o Xel-Há + actividad...','Tour',2.699,282),(624,'Energy Fitness (membresía multiclub y...','Energy Fitness',18.999,283),(625,'Hard Candy Fitness (membresía + anualidad)...','Hard Candy Fitness',9.999,283),(626,'Cinépolis dulcería, 4 combo cuates de 1...','Cinépolis',469,284),(627,'Cinépolis VIP CINEPASS con 4 boletos de...','Cinépolis',379,284),(628,'Elixir Detox, certificado de regalo de 5 días','Elixir Detox',2.479,285),(629,'Elixir Detox, certificado de regalo de 3 dias','Elixir Detox',1.599,285),(630,'Restaurante Puerta Vieja/Villa Serena en Los...','Restaurante Puerta',799,286),(631,'Restaurante Bellopuerto, certificado de...','Restaurante Bellopuerto',799,286),(632,NULL,NULL,NULL,287),(633,NULL,NULL,NULL,287),(634,'Samsonite, mochila para laptop','Samsonite',1.799,288),(635,'American Tourister, Maleta de Cabina 50.8cm','American Tourister',999,288),(636,'Ezpeleta, paraguas plegable, 2 piezas','Ezpeleta',699,289),(637,NULL,NULL,NULL,289),(638,'Ralph Lauren, Big Pony Pink (100ml.)','Ralph Lauren',1.179,290),(639,'Giorgio Amani, Emporio Armani (100ml.)','Giorgio Armani',1.259,290),(640,'Ermenegildo Zegna, Intenso (100ml.)','Ermenegildo Zegna',1.199,291),(641,'Ermenegildo Zegna, Z de Zegna (100ml)','Ermenegildo Zegna',1.199,291),(642,'Moschino, Fresh Couture (100ml.)','Moschino',1.199,292),(643,'Natural Scents, fragancias corporales ( 4...','Natural Scents',459,292),(644,'EOS Bálsamo Organico 6 piezas para labios','EOS',369,293),(645,'Nars Audacious, Lápiz labial','Nars Audacious',439,293),(646,'Marc Anthony Morocco, tratamiento para el...','Marc Anthony',339,294),(647,'Marc Anthony Macadamia, kit para el cabello...','Marc A